Workbook
Name ListaEquipos: Config!$A$4:$A$51
Name ListaFases: Config!$B$4:$B$10
Name ListaGrupos: Config!$C$4:$C$15

Sheet Dashboard
A1: =HYPERLINK("#'Dashboard'!A1","🏠 INICIO") -> 🏠 INICIO | B1: =HYPERLINK("#'Participantes'!A1","👥 PARTICIPANTES") -> 👥 PARTICIPANTES | C1: =HYPERLINK("#'Partidos'!A1","⚽ PARTIDOS") -> ⚽ PARTIDOS | D1: =HYPERLINK("#'Apuestas'!A1","🎯 APUESTAS") -> 🎯 APUESTAS | E1: =HYPERLINK("#'Resultados'!A1","📊 RESULTADOS") -> 📊 RESULTADOS | F1: =HYPERLINK("#'Ranking'!A1","🏆 RANKING") -> 🏆 RANKING | G1: =HYPERLINK("#'Informes'!A1","📈 INFORMES") -> 📈 INFORMES
A3: 🏆 PENCA DEL MUNDIAL ⚽ PANEL DE CONTROL
A4: Resumen ejecutivo • Actualizado al cargar resultados
A6: PARTICIPANTES ACTIVOS | C6: TOTAL DE APUESTAS | E6: PARTIDOS JUGADOS | G6: % ACIERTOS GLOBAL
A7: =COUNTIF(Participantes!$F$6:$F$200,"Activo") -> 9 | C7: =COUNTA(Apuestas!$A$6:$A$1000) -> 35 | E7: =SUMPRODUCT((Partidos!$G$6:$G$200<>"")*(Partidos!$H$6:$H$200<>"")) -> 8 | G7: =IFERROR(COUNTIF(Apuestas!$J$6:$J$1000,">0")/COUNTA(Apuestas!$J$6:$J$1000),0) -> 0.34285714
A9: 🥇 PODIO ACTUAL | E9: 📅 SISTEMA DE PUNTAJE
A10: Posición | B10: Participante | C10: Puntos | E10: Resultado exacto | F10: =Config!G4 & " pts" -> 5 pts
A11: 🥇 1° | B11: =IFERROR(INDEX(Ranking!$C$6:$C$15,MATCH(1,Ranking!$A$6:$A$15,0)),"") -> Juan Pérez | C11: =IFERROR(INDEX(Ranking!$F$6:$F$15,MATCH(1,Ranking!$A$6:$A$15,0)),"") -> 6 | E11: Ganador + diferencia | F11: =Config!G5 & " pts" -> 3 pts
A12: 🥈 2° | B12: =IFERROR(INDEX(Ranking!$C$6:$C$15,MATCH(2,Ranking!$A$6:$A$15,0)),"") -> Diego Silva | C12: =IFERROR(INDEX(Ranking!$F$6:$F$15,MATCH(2,Ranking!$A$6:$A$15,0)),"") -> 5 | E12: Solo ganador | F12: =Config!G6 & " pts" -> 1 pts
A13: 🥉 3° | B13: =IFERROR(INDEX(Ranking!$C$6:$C$15,MATCH(3,Ranking!$A$6:$A$15,0)),"") | C13: =IFERROR(INDEX(Ranking!$F$6:$F$15,MATCH(3,Ranking!$A$6:$A$15,0)),"") | E13: Sin acierto | F13: =Config!G7 & " pts" -> 0 pts
A15: 🎯 DISTRIBUCIÓN DE APUESTAS POR EQUIPO (Top 8)
A16: Equipo | B16: Apuestas
A17: México | B17: =COUNTIF(Apuestas!$F$6:$F$1000,"*"&A17&"*") -> 5
A18: Brasil | B18: =COUNTIF(Apuestas!$F$6:$F$1000,"*"&A18&"*") -> 4
A19: Alemania | B19: =COUNTIF(Apuestas!$F$6:$F$1000,"*"&A19&"*") -> 5
A20: Estados Unidos | B20: =COUNTIF(Apuestas!$F$6:$F$1000,"*"&A20&"*") -> 4
A21: Suiza | B21: =COUNTIF(Apuestas!$F$6:$F$1000,"*"&A21&"*") -> 5
A22: Corea del Sur | B22: =COUNTIF(Apuestas!$F$6:$F$1000,"*"&A22&"*") -> 5
A23: Canadá | B23: =COUNTIF(Apuestas!$F$6:$F$1000,"*"&A23&"*") -> 4
A24: Marruecos | B24: =COUNTIF(Apuestas!$F$6:$F$1000,"*"&A24&"*") -> 4
A28: Diseñado para la gestión integral de la penca • Use la barra superior para navegar entre secciones

Sheet Participantes
A1: =HYPERLINK("#'Dashboard'!A1","🏠 INICIO") -> 🏠 INICIO | B1: =HYPERLINK("#'Participantes'!A1","👥 PARTICIPANTES") -> 👥 PARTICIPANTES | C1: =HYPERLINK("#'Partidos'!A1","⚽ PARTIDOS") -> ⚽ PARTIDOS | D1: =HYPERLINK("#'Apuestas'!A1","🎯 APUESTAS") -> 🎯 APUESTAS | E1: =HYPERLINK("#'Resultados'!A1","📊 RESULTADOS") -> 📊 RESULTADOS | F1: =HYPERLINK("#'Ranking'!A1","🏆 RANKING") -> 🏆 RANKING | G1: =HYPERLINK("#'Informes'!A1","📈 INFORMES") -> 📈 INFORMES
A3: 👥 PARTICIPANTES DE LA PENCA
A5: ID | B5: Nombre y Apellido | C5: Email | D5: Equipo Favorito | E5: Fecha Alta | F5: Estado | G5: Apuestas Registradas
A6: P001 | B6: Juan Pérez | C6: juan@mail.com | D6: Argentina | E6: 2026-05-15 | F6: Activo | G6: =COUNTIF(Apuestas!$B$6:$B$1000,A6) -> 5
A7: P002 | B7: María García | C7: maria@mail.com | D7: Brasil | E7: 2026-05-16 | F7: Activo | G7: =COUNTIF(Apuestas!$B$6:$B$1000,A7) -> 5
A8: P003 | B8: Lucas Rodríguez | C8: lucas@mail.com | D8: Uruguay | E8: 2026-05-17 | F8: Activo | G8: =COUNTIF(Apuestas!$B$6:$B$1000,A8) -> 5
A9: P004 | B9: Sofía Martínez | C9: sofia@mail.com | D9: España | E9: 2026-05-18 | F9: Activo | G9: =COUNTIF(Apuestas!$B$6:$B$1000,A9) -> 5
A10: P005 | B10: Diego Silva | C10: diego@mail.com | D10: Francia | E10: 2026-05-19 | F10: Activo | G10: =COUNTIF(Apuestas!$B$6:$B$1000,A10) -> 3
A11: P006 | B11: Ana López | C11: ana@mail.com | D11: Inglaterra | E11: 2026-05-20 | F11: Activo | G11: =COUNTIF(Apuestas!$B$6:$B$1000,A11) -> 3
A12: P007 | B12: Martín Fernández | C12: martin@mail.com | D12: Alemania | E12: 2026-05-21 | F12: Activo | G12: =COUNTIF(Apuestas!$B$6:$B$1000,A12) -> 3
A13: P008 | B13: Carolina Díaz | C13: caro@mail.com | D13: Portugal | E13: 2026-05-22 | F13: Activo | G13: =COUNTIF(Apuestas!$B$6:$B$1000,A13) -> 3
A14: P009 | B14: Federico Romero | C14: fede@mail.com | D14: Países Bajos | E14: 2026-05-23 | F14: Activo | G14: =COUNTIF(Apuestas!$B$6:$B$1000,A14) -> 3
A15: P010 | B15: Valentina Castro | C15: vale@mail.com | D15: México | E15: 2026-05-24 | F15: Inactivo | G15: =COUNTIF(Apuestas!$B$6:$B$1000,A15) -> 0

Sheet Partidos
A1: =HYPERLINK("#'Dashboard'!A1","🏠 INICIO") -> 🏠 INICIO | B1: =HYPERLINK("#'Participantes'!A1","👥 PARTICIPANTES") -> 👥 PARTICIPANTES | C1: =HYPERLINK("#'Partidos'!A1","⚽ PARTIDOS") -> ⚽ PARTIDOS | D1: =HYPERLINK("#'Apuestas'!A1","🎯 APUESTAS") -> 🎯 APUESTAS | E1: =HYPERLINK("#'Resultados'!A1","📊 RESULTADOS") -> 📊 RESULTADOS | F1: =HYPERLINK("#'Ranking'!A1","🏆 RANKING") -> 🏆 RANKING | G1: =HYPERLINK("#'Informes'!A1","📈 INFORMES") -> 📈 INFORMES
A3: ⚽ PARTIDOS DEL MUNDIAL
A5: ID Partido | B5: Fecha | C5: Fase | D5: Grupo | E5: Equipo Local | F5: Equipo Visitante | G5: Goles Local (Oficial) | H5: Goles Visitante (Oficial) | I5: Resultado Oficial
A6: M001 | B6: 2026-06-11 | C6: Fase de Grupos | D6: A | E6: México | F6: Sudáfrica | G6: 2 | H6: 1 | I6: =IF(OR(G6="",H6=""),"Pendiente",IF(G6>H6,"Gana "&E6,IF(G6<H6,"Gana "&F6,"Empate"))) -> Gana México
A7: M002 | B7: 2026-06-11 | C7: Fase de Grupos | D7: A | E7: Corea del Sur | F7: Chequia | G7: 1 | H7: 1 | I7: =IF(OR(G7="",H7=""),"Pendiente",IF(G7>H7,"Gana "&E7,IF(G7<H7,"Gana "&F7,"Empate"))) -> Empate
A8: M003 | B8: 2026-06-12 | C8: Fase de Grupos | D8: B | E8: Canadá | F8: Bosnia y Herzegovina | G8: 1 | H8: 0 | I8: =IF(OR(G8="",H8=""),"Pendiente",IF(G8>H8,"Gana "&E8,IF(G8<H8,"Gana "&F8,"Empate"))) -> Gana Canadá
A9: M004 | B9: 2026-06-12 | C9: Fase de Grupos | D9: D | E9: Estados Unidos | F9: Paraguay | G9: 2 | H9: 0 | I9: =IF(OR(G9="",H9=""),"Pendiente",IF(G9>H9,"Gana "&E9,IF(G9<H9,"Gana "&F9,"Empate"))) -> Gana Estados Unidos
A10: M005 | B10: 2026-06-13 | C10: Fase de Grupos | D10: B | E10: Qatar | F10: Suiza | G10: 0 | H10: 2 | I10: =IF(OR(G10="",H10=""),"Pendiente",IF(G10>H10,"Gana "&E10,IF(G10<H10,"Gana "&F10,"Empate"))) -> Gana Suiza
A11: M006 | B11: 2026-06-13 | C11: Fase de Grupos | D11: C | E11: Brasil | F11: Marruecos | G11: 1 | H11: 2 | I11: =IF(OR(G11="",H11=""),"Pendiente",IF(G11>H11,"Gana "&E11,IF(G11<H11,"Gana "&F11,"Empate"))) -> Gana Marruecos
A12: M007 | B12: 2026-06-13 | C12: Fase de Grupos | D12: C | E12: Haití | F12: Escocia | G12: 0 | H12: 1 | I12: =IF(OR(G12="",H12=""),"Pendiente",IF(G12>H12,"Gana "&E12,IF(G12<H12,"Gana "&F12,"Empate"))) -> Gana Escocia
A13: M008 | B13: 2026-06-14 | C13: Fase de Grupos | D13: E | E13: Alemania | F13: Curazao | G13: 3 | H13: 0 | I13: =IF(OR(G13="",H13=""),"Pendiente",IF(G13>H13,"Gana "&E13,IF(G13<H13,"Gana "&F13,"Empate"))) -> Gana Alemania
A14: M009 | B14: 2026-06-14 | C14: Fase de Grupos | D14: E | E14: Costa de Marfil | F14: Ecuador | I14: =IF(OR(G14="",H14=""),"Pendiente",IF(G14>H14,"Gana "&E14,IF(G14<H14,"Gana "&F14,"Empate"))) -> Pendiente
A15: M010 | B15: 2026-06-14 | C15: Fase de Grupos | D15: F | E15: Países Bajos | F15: Japón | I15: =IF(OR(G15="",H15=""),"Pendiente",IF(G15>H15,"Gana "&E15,IF(G15<H15,"Gana "&F15,"Empate"))) -> Pendiente
A16: M011 | B16: 2026-06-15 | C16: Fase de Grupos | D16: G | E16: Bélgica | F16: Egipto | I16: =IF(OR(G16="",H16=""),"Pendiente",IF(G16>H16,"Gana "&E16,IF(G16<H16,"Gana "&F16,"Empate"))) -> Pendiente
A17: M012 | B17: 2026-06-15 | C17: Fase de Grupos | D17: H | E17: España | F17: Cabo Verde | I17: =IF(OR(G17="",H17=""),"Pendiente",IF(G17>H17,"Gana "&E17,IF(G17<H17,"Gana "&F17,"Empate"))) -> Pendiente
A18: M013 | B18: 2026-06-15 | C18: Fase de Grupos | D18: H | E18: Arabia Saudita | F18: Uruguay | I18: =IF(OR(G18="",H18=""),"Pendiente",IF(G18>H18,"Gana "&E18,IF(G18<H18,"Gana "&F18,"Empate"))) -> Pendiente
A19: M014 | B19: 2026-06-16 | C19: Fase de Grupos | D19: I | E19: Francia | F19: Senegal | I19: =IF(OR(G19="",H19=""),"Pendiente",IF(G19>H19,"Gana "&E19,IF(G19<H19,"Gana "&F19,"Empate"))) -> Pendiente
A20: M015 | B20: 2026-06-16 | C20: Fase de Grupos | D20: J | E20: Argentina | F20: Argelia | I20: =IF(OR(G20="",H20=""),"Pendiente",IF(G20>H20,"Gana "&E20,IF(G20<H20,"Gana "&F20,"Empate"))) -> Pendiente
A21: M016 | B21: 2026-06-17 | C21: Fase de Grupos | D21: K | E21: Portugal | F21: DR Congo | I21: =IF(OR(G21="",H21=""),"Pendiente",IF(G21>H21,"Gana "&E21,IF(G21<H21,"Gana "&F21,"Empate"))) -> Pendiente
A22: M017 | B22: 2026-06-17 | C22: Fase de Grupos | D22: L | E22: Inglaterra | F22: Croacia | I22: =IF(OR(G22="",H22=""),"Pendiente",IF(G22>H22,"Gana "&E22,IF(G22<H22,"Gana "&F22,"Empate"))) -> Pendiente
A23: M018 | B23: 2026-06-17 | C23: Fase de Grupos | D23: L | E23: Ghana | F23: Panamá | I23: =IF(OR(G23="",H23=""),"Pendiente",IF(G23>H23,"Gana "&E23,IF(G23<H23,"Gana "&F23,"Empate"))) -> Pendiente

Sheet Apuestas
A1: =HYPERLINK("#'Dashboard'!A1","🏠 INICIO") -> 🏠 INICIO | B1: =HYPERLINK("#'Participantes'!A1","👥 PARTICIPANTES") -> 👥 PARTICIPANTES | C1: =HYPERLINK("#'Partidos'!A1","⚽ PARTIDOS") -> ⚽ PARTIDOS | D1: =HYPERLINK("#'Apuestas'!A1","🎯 APUESTAS") -> 🎯 APUESTAS | E1: =HYPERLINK("#'Resultados'!A1","📊 RESULTADOS") -> 📊 RESULTADOS | F1: =HYPERLINK("#'Ranking'!A1","🏆 RANKING") -> 🏆 RANKING | G1: =HYPERLINK("#'Informes'!A1","📈 INFORMES") -> 📈 INFORMES
A3: 🎯 REGISTRO DE APUESTAS (FORMULARIO)
A4: Complete: ID Participante, ID Partido y su pronóstico de goles. Las columnas en gris se calculan automáticamente.
A5: ID Apuesta | B5: ID Participante | C5: Nombre | D5: ID Partido | E5: Fase | F5: Local vs Visitante | G5: Goles Local (Apuesta) | H5: Goles Visitante (Apuesta) | I5: Pronóstico | J5: Puntos Obtenidos
A6: A001 | B6: P001 | C6: =IFERROR(VLOOKUP(B6,Participantes!$A$6:$B$200,2,FALSE()),"") -> Juan Pérez | D6: M001 | E6: =IFERROR(VLOOKUP(D6,Partidos!$A$6:$C$200,3,FALSE()),"") -> Fase de Grupos | F6: =IFERROR(VLOOKUP(D6,Partidos!$A$6:$F$200,5,FALSE())&" vs "&VLOOKUP(D6,Partidos!$A$6:$F$200,6,FALSE()),"") -> México vs Sudáfrica | G6: 0 | H6: 1 | I6: =IF(OR(G6="",H6=""),"",IF(G6>H6,"Gana Local",IF(G6<H6,"Gana Visitante","Empate"))) -> Gana Visitante | J6: =IFERROR(IF(OR(G6="",H6="",VLOOKUP(D6,Partidos!$A$6:$H$200,7,FALSE())="",VLOOKUP(D6,Partidos!$A$6:$H$200,8,FALSE())=""),0,IF(AND(G6=VLOOKUP(D6,Partidos!$A$6:$H$200,7,FALSE()),H6=VLOOKUP(D6,Partidos!$A$6:$H$200,8,FALSE())),Config!$G$4,IF(AND(SIGN(G6-H6)=SIGN(VLOOKUP(D6,Partidos!$A$6:$H$200,7,FALSE())-VLOOKUP(D6,Partidos!$A$6:$H$200,8,FALSE())),(G6-H6)=(VLOOKUP(D6,Partidos!$A$6:$H$200,7,FALSE())-VLOOKUP(D6,Partidos!$A$6:$H$200,8,FALSE()))),Config!$G$5,IF(SIGN(G6-H6)=SIGN(VLOOKUP(D6,Partidos!$A$6:$H$200,7,FALSE())-VLOOKUP(D6,Partidos!$A$6:$H$200,8,FALSE())),Config!$G$6,Config!$G$7)))),0) -> 0
A7: A002 | B7: P001 | C7: =IFERROR(VLOOKUP(B7,Participantes!$A$6:$B$200,2,FALSE()),"") -> Juan Pérez | D7: M002 | E7: =IFERROR(VLOOKUP(D7,Partidos!$A$6:$C$200,3,FALSE()),"") -> Fase de Grupos | F7: =IFERROR(VLOOKUP(D7,Partidos!$A$6:$F$200,5,FALSE())&" vs "&VLOOKUP(D7,Partidos!$A$6:$F$200,6,FALSE()),"") -> Corea del Sur vs Chequia | G7: 1 | H7: 2 | I7: =IF(OR(G7="",H7=""),"",IF(G7>H7,"Gana Local",IF(G7<H7,"Gana Visitante","Empate"))) -> Gana Visitante | J7: =IFERROR(IF(OR(G7="",H7="",VLOOKUP(D7,Partidos!$A$6:$H$200,7,FALSE())="",VLOOKUP(D7,Partidos!$A$6:$H$200,8,FALSE())=""),0,IF(AND(G7=VLOOKUP(D7,Partidos!$A$6:$H$200,7,FALSE()),H7=VLOOKUP(D7,Partidos!$A$6:$H$200,8,FALSE())),Config!$G$4,IF(AND(SIGN(G7-H7)=SIGN(VLOOKUP(D7,Partidos!$A$6:$H$200,7,FALSE())-VLOOKUP(D7,Partidos!$A$6:$H$200,8,FALSE())),(G7-H7)=(VLOOKUP(D7,Partidos!$A$6:$H$200,7,FALSE())-VLOOKUP(D7,Partidos!$A$6:$H$200,8,FALSE()))),Config!$G$5,IF(SIGN(G7-H7)=SIGN(VLOOKUP(D7,Partidos!$A$6:$H$200,7,FALSE())-VLOOKUP(D7,Partidos!$A$6:$H$200,8,FALSE())),Config!$G$6,Config!$G$7)))),0) -> 0
A8: A003 | B8: P001 | C8: =IFERROR(VLOOKUP(B8,Participantes!$A$6:$B$200,2,FALSE()),"") -> Juan Pérez | D8: M003 | E8: =IFERROR(VLOOKUP(D8,Partidos!$A$6:$C$200,3,FALSE()),"") -> Fase de Grupos | F8: =IFERROR(VLOOKUP(D8,Partidos!$A$6:$F$200,5,FALSE())&" vs "&VLOOKUP(D8,Partidos!$A$6:$F$200,6,FALSE()),"") -> Canadá vs Bosnia y Herzegovina | G8: 3 | H8: 1 | I8: =IF(OR(G8="",H8=""),"",IF(G8>H8,"Gana Local",IF(G8<H8,"Gana Visitante","Empate"))) -> Gana Local | J8: =IFERROR(IF(OR(G8="",H8="",VLOOKUP(D8,Partidos!$A$6:$H$200,7,FALSE())="",VLOOKUP(D8,Partidos!$A$6:$H$200,8,FALSE())=""),0,IF(AND(G8=VLOOKUP(D8,Partidos!$A$6:$H$200,7,FALSE()),H8=VLOOKUP(D8,Partidos!$A$6:$H$200,8,FALSE())),Config!$G$4,IF(AND(SIGN(G8-H8)=SIGN(VLOOKUP(D8,Partidos!$A$6:$H$200,7,FALSE())-VLOOKUP(D8,Partidos!$A$6:$H$200,8,FALSE())),(G8-H8)=(VLOOKUP(D8,Partidos!$A$6:$H$200,7,FALSE())-VLOOKUP(D8,Partidos!$A$6:$H$200,8,FALSE()))),Config!$G$5,IF(SIGN(G8-H8)=SIGN(VLOOKUP(D8,Partidos!$A$6:$H$200,7,FALSE())-VLOOKUP(D8,Partidos!$A$6:$H$200,8,FALSE())),Config!$G$6,Config!$G$7)))),0) -> 1
A9: A004 | B9: P001 | C9: =IFERROR(VLOOKUP(B9,Participantes!$A$6:$B$200,2,FALSE()),"") -> Juan Pérez | D9: M004 | E9: =IFERROR(VLOOKUP(D9,Partidos!$A$6:$C$200,3,FALSE()),"") -> Fase de Grupos | F9: =IFERROR(VLOOKUP(D9,Partidos!$A$6:$F$200,5,FALSE())&" vs "&VLOOKUP(D9,Partidos!$A$6:$F$200,6,FALSE()),"") -> Estados Unidos vs Paraguay | G9: 2 | H9: 0 | I9: =IF(OR(G9="",H9=""),"",IF(G9>H9,"Gana Local",IF(G9<H9,"Gana Visitante","Empate"))) -> Gana Local | J9: =IFERROR(IF(OR(G9="",H9="",VLOOKUP(D9,Partidos!$A$6:$H$200,7,FALSE())="",VLOOKUP(D9,Partidos!$A$6:$H$200,8,FALSE())=""),0,IF(AND(G9=VLOOKUP(D9,Partidos!$A$6:$H$200,7,FALSE()),H9=VLOOKUP(D9,Partidos!$A$6:$H$200,8,FALSE())),Config!$G$4,IF(AND(SIGN(G9-H9)=SIGN(VLOOKUP(D9,Partidos!$A$6:$H$200,7,FALSE())-VLOOKUP(D9,Partidos!$A$6:$H$200,8,FALSE())),(G9-H9)=(VLOOKUP(D9,Partidos!$A$6:$H$200,7,FALSE())-VLOOKUP(D9,Partidos!$A$6:$H$200,8,FALSE()))),Config!$G$5,IF(SIGN(G9-H9)=SIGN(VLOOKUP(D9,Partidos!$A$6:$H$200,7,FALSE())-VLOOKUP(D9,Partidos!$A$6:$H$200,8,FALSE())),Config!$G$6,Config!$G$7)))),0) -> 5
A10: A005 | B10: P001 | C10: =IFERROR(VLOOKUP(B10,Participantes!$A$6:$B$200,2,FALSE()),"") -> Juan Pérez | D10: M005 | E10: =IFERROR(VLOOKUP(D10,Partidos!$A$6:$C$200,3,FALSE()),"") -> Fase de Grupos | F10: =IFERROR(VLOOKUP(D10,Partidos!$A$6:$F$200,5,FALSE())&" vs "&VLOOKUP(D10,Partidos!$A$6:$F$200,6,FALSE()),"") -> Qatar vs Suiza | G10: 2 | H10: 0 | I10: =IF(OR(G10="",H10=""),"",IF(G10>H10,"Gana Local",IF(G10<H10,"Gana Visitante","Empate"))) -> Gana Local | J10: =IFERROR(IF(OR(G10="",H10="",VLOOKUP(D10,Partidos!$A$6:$H$200,7,FALSE())="",VLOOKUP(D10,Partidos!$A$6:$H$200,8,FALSE())=""),0,IF(AND(G10=VLOOKUP(D10,Partidos!$A$6:$H$200,7,FALSE()),H10=VLOOKUP(D10,Partidos!$A$6:$H$200,8,FALSE())),Config!$G$4,IF(AND(SIGN(G10-H10)=SIGN(VLOOKUP(D10,Partidos!$A$6:$H$200,7,FALSE())-VLOOKUP(D10,Partidos!$A$6:$H$200,8,FALSE())),(G10-H10)=(VLOOKUP(D10,Partidos!$A$6:$H$200,7,FALSE())-VLOOKUP(D10,Partidos!$A$6:$H$200,8,FALSE()))),Config!$G$5,IF(SIGN(G10-H10)=SIGN(VLOOKUP(D10,Partidos!$A$6:$H$200,7,FALSE())-VLOOKUP(D10,Partidos!$A$6:$H$200,8,FALSE())),Config!$G$6,Config!$G$7)))),0) -> 0
A11: A006 | B11: P002 | C11: =IFERROR(VLOOKUP(B11,Participantes!$A$6:$B$200,2,FALSE()),"") -> María García | D11: M001 | E11: =IFERROR(VLOOKUP(D11,Partidos!$A$6:$C$200,3,FALSE()),"") -> Fase de Grupos | F11: =IFERROR(VLOOKUP(D11,Partidos!$A$6:$F$200,5,FALSE())&" vs "&VLOOKUP(D11,Partidos!$A$6:$F$200,6,FALSE()),"") -> México vs Sudáfrica | G11: 1 | H11: 1 | I11: =IF(OR(G11="",H11=""),"",IF(G11>H11,"Gana Local",IF(G11<H11,"Gana Visitante","Empate"))) -> Empate | J11: =IFERROR(IF(OR(G11="",H11="",VLOOKUP(D11,Partidos!$A$6:$H$200,7,FALSE())="",VLOOKUP(D11,Partidos!$A$6:$H$200,8,FALSE())=""),0,IF(AND(G11=VLOOKUP(D11,Partidos!$A$6:$H$200,7,FALSE()),H11=VLOOKUP(D11,Partidos!$A$6:$H$200,8,FALSE())),Config!$G$4,IF(AND(SIGN(G11-H11)=SIGN(VLOOKUP(D11,Partidos!$A$6:$H$200,7,FALSE())-VLOOKUP(D11,Partidos!$A$6:$H$200,8,FALSE())),(G11-H11)=(VLOOKUP(D11,Partidos!$A$6:$H$200,7,FALSE())-VLOOKUP(D11,Partidos!$A$6:$H$200,8,FALSE()))),Config!$G$5,IF(SIGN(G11-H11)=SIGN(VLOOKUP(D11,Partidos!$A$6:$H$200,7,FALSE())-VLOOKUP(D11,Partidos!$A$6:$H$200,8,FALSE())),Config!$G$6,Config!$G$7)))),0) -> 0
A12: A007 | B12: P002 | C12: =IFERROR(VLOOKUP(B12,Participantes!$A$6:$B$200,2,FALSE()),"") -> María García | D12: M002 | E12: =IFERROR(VLOOKUP(D12,Partidos!$A$6:$C$200,3,FALSE()),"") -> Fase de Grupos | F12: =IFERROR(VLOOKUP(D12,Partidos!$A$6:$F$200,5,FALSE())&" vs "&VLOOKUP(D12,Partidos!$A$6:$F$200,6,FALSE()),"") -> Corea del Sur vs Chequia | G12: 0 | H12: 2 | I12: =IF(OR(G12="",H12=""),"",IF(G12>H12,"Gana Local",IF(G12<H12,"Gana Visitante","Empate"))) -> Gana Visitante | J12: =IFERROR(IF(OR(G12="",H12="",VLOOKUP(D12,Partidos!$A$6:$H$200,7,FALSE())="",VLOOKUP(D12,Partidos!$A$6:$H$200,8,FALSE())=""),0,IF(AND(G12=VLOOKUP(D12,Partidos!$A$6:$H$200,7,FALSE()),H12=VLOOKUP(D12,Partidos!$A$6:$H$200,8,FALSE())),Config!$G$4,IF(AND(SIGN(G12-H12)=SIGN(VLOOKUP(D12,Partidos!$A$6:$H$200,7,FALSE())-VLOOKUP(D12,Partidos!$A$6:$H$200,8,FALSE())),(G12-H12)=(VLOOKUP(D12,Partidos!$A$6:$H$200,7,FALSE())-VLOOKUP(D12,Partidos!$A$6:$H$200,8,FALSE()))),Config!$G$5,IF(SIGN(G12-H12)=SIGN(VLOOKUP(D12,Partidos!$A$6:$H$200,7,FALSE())-VLOOKUP(D12,Partidos!$A$6:$H$200,8,FALSE())),Config!$G$6,Config!$G$7)))),0) -> 0
A13: A008 | B13: P002 | C13: =IFERROR(VLOOKUP(B13,Participantes!$A$6:$B$200,2,FALSE()),"") -> María García | D13: M003 | E13: =IFERROR(VLOOKUP(D13,Partidos!$A$6:$C$200,3,FALSE()),"") -> Fase de Grupos | F13: =IFERROR(VLOOKUP(D13,Partidos!$A$6:$F$200,5,FALSE())&" vs "&VLOOKUP(D13,Partidos!$A$6:$F$200,6,FALSE()),"") -> Canadá vs Bosnia y Herzegovina | G13: 4 | H13: 0 | I13: =IF(OR(G13="",H13=""),"",IF(G13>H13,"Gana Local",IF(G13<H13,"Gana Visitante","Empate"))) -> Gana Local | J13: =IFERROR(IF(OR(G13="",H13="",VLOOKUP(D13,Partidos!$A$6:$H$200,7,FALSE())="",VLOOKUP(D13,Partidos!$A$6:$H$200,8,FALSE())=""),0,IF(AND(G13=VLOOKUP(D13,Partidos!$A$6:$H$200,7,FALSE()),H13=VLOOKUP(D13,Partidos!$A$6:$H$200,8,FALSE())),Config!$G$4,IF(AND(SIGN(G13-H13)=SIGN(VLOOKUP(D13,Partidos!$A$6:$H$200,7,FALSE())-VLOOKUP(D13,Partidos!$A$6:$H$200,8,FALSE())),(G13-H13)=(VLOOKUP(D13,Partidos!$A$6:$H$200,7,FALSE())-VLOOKUP(D13,Partidos!$A$6:$H$200,8,FALSE()))),Config!$G$5,IF(SIGN(G13-H13)=SIGN(VLOOKUP(D13,Partidos!$A$6:$H$200,7,FALSE())-VLOOKUP(D13,Partidos!$A$6:$H$200,8,FALSE())),Config!$G$6,Config!$G$7)))),0) -> 1
A14: A009 | B14: P002 | C14: =IFERROR(VLOOKUP(B14,Participantes!$A$6:$B$200,2,FALSE()),"") -> María García | D14: M004 | E14: =IFERROR(VLOOKUP(D14,Partidos!$A$6:$C$200,3,FALSE()),"") -> Fase de Grupos | F14: =IFERROR(VLOOKUP(D14,Partidos!$A$6:$F$200,5,FALSE())&" vs "&VLOOKUP(D14,Partidos!$A$6:$F$200,6,FALSE()),"") -> Estados Unidos vs Paraguay | G14: 1 | H14: 1 | I14: =IF(OR(G14="",H14=""),"",IF(G14>H14,"Gana Local",IF(G14<H14,"Gana Visitante","Empate"))) -> Empate | J14: =IFERROR(IF(OR(G14="",H14="",VLOOKUP(D14,Partidos!$A$6:$H$200,7,FALSE())="",VLOOKUP(D14,Partidos!$A$6:$H$200,8,FALSE())=""),0,IF(AND(G14=VLOOKUP(D14,Partidos!$A$6:$H$200,7,FALSE()),H14=VLOOKUP(D14,Partidos!$A$6:$H$200,8,FALSE())),Config!$G$4,IF(AND(SIGN(G14-H14)=SIGN(VLOOKUP(D14,Partidos!$A$6:$H$200,7,FALSE())-VLOOKUP(D14,Partidos!$A$6:$H$200,8,FALSE())),(G14-H14)=(VLOOKUP(D14,Partidos!$A$6:$H$200,7,FALSE())-VLOOKUP(D14,Partidos!$A$6:$H$200,8,FALSE()))),Config!$G$5,IF(SIGN(G14-H14)=SIGN(VLOOKUP(D14,Partidos!$A$6:$H$200,7,FALSE())-VLOOKUP(D14,Partidos!$A$6:$H$200,8,FALSE())),Config!$G$6,Config!$G$7)))),0) -> 0
A15: A010 | B15: P002 | C15: =IFERROR(VLOOKUP(B15,Participantes!$A$6:$B$200,2,FALSE()),"") -> María García | D15: M005 | E15: =IFERROR(VLOOKUP(D15,Partidos!$A$6:$C$200,3,FALSE()),"") -> Fase de Grupos | F15: =IFERROR(VLOOKUP(D15,Partidos!$A$6:$F$200,5,FALSE())&" vs "&VLOOKUP(D15,Partidos!$A$6:$F$200,6,FALSE()),"") -> Qatar vs Suiza | G15: 1 | H15: 2 | I15: =IF(OR(G15="",H15=""),"",IF(G15>H15,"Gana Local",IF(G15<H15,"Gana Visitante","Empate"))) -> Gana Visitante | J15: =IFERROR(IF(OR(G15="",H15="",VLOOKUP(D15,Partidos!$A$6:$H$200,7,FALSE())="",VLOOKUP(D15,Partidos!$A$6:$H$200,8,FALSE())=""),0,IF(AND(G15=VLOOKUP(D15,Partidos!$A$6:$H$200,7,FALSE()),H15=VLOOKUP(D15,Partidos!$A$6:$H$200,8,FALSE())),Config!$G$4,IF(AND(SIGN(G15-H15)=SIGN(VLOOKUP(D15,Partidos!$A$6:$H$200,7,FALSE())-VLOOKUP(D15,Partidos!$A$6:$H$200,8,FALSE())),(G15-H15)=(VLOOKUP(D15,Partidos!$A$6:$H$200,7,FALSE())-VLOOKUP(D15,Partidos!$A$6:$H$200,8,FALSE()))),Config!$G$5,IF(SIGN(G15-H15)=SIGN(VLOOKUP(D15,Partidos!$A$6:$H$200,7,FALSE())-VLOOKUP(D15,Partidos!$A$6:$H$200,8,FALSE())),Config!$G$6,Config!$G$7)))),0) -> 1
A16: A011 | B16: P003 | C16: =IFERROR(VLOOKUP(B16,Participantes!$A$6:$B$200,2,FALSE()),"") -> Lucas Rodríguez | D16: M001 | E16: =IFERROR(VLOOKUP(D16,Partidos!$A$6:$C$200,3,FALSE()),"") -> Fase de Grupos | F16: =IFERROR(VLOOKUP(D16,Partidos!$A$6:$F$200,5,FALSE())&" vs "&VLOOKUP(D16,Partidos!$A$6:$F$200,6,FALSE()),"") -> México vs Sudáfrica | G16: 0 | H16: 2 | I16: =IF(OR(G16="",H16=""),"",IF(G16>H16,"Gana Local",IF(G16<H16,"Gana Visitante","Empate"))) -> Gana Visitante | J16: =IFERROR(IF(OR(G16="",H16="",VLOOKUP(D16,Partidos!$A$6:$H$200,7,FALSE())="",VLOOKUP(D16,Partidos!$A$6:$H$200,8,FALSE())=""),0,IF(AND(G16=VLOOKUP(D16,Partidos!$A$6:$H$200,7,FALSE()),H16=VLOOKUP(D16,Partidos!$A$6:$H$200,8,FALSE())),Config!$G$4,IF(AND(SIGN(G16-H16)=SIGN(VLOOKUP(D16,Partidos!$A$6:$H$200,7,FALSE())-VLOOKUP(D16,Partidos!$A$6:$H$200,8,FALSE())),(G16-H16)=(VLOOKUP(D16,Partidos!$A$6:$H$200,7,FALSE())-VLOOKUP(D16,Partidos!$A$6:$H$200,8,FALSE()))),Config!$G$5,IF(SIGN(G16-H16)=SIGN(VLOOKUP(D16,Partidos!$A$6:$H$200,7,FALSE())-VLOOKUP(D16,Partidos!$A$6:$H$200,8,FALSE())),Config!$G$6,Config!$G$7)))),0) -> 0
A17: A012 | B17: P003 | C17: =IFERROR(VLOOKUP(B17,Participantes!$A$6:$B$200,2,FALSE()),"") -> Lucas Rodríguez | D17: M002 | E17: =IFERROR(VLOOKUP(D17,Partidos!$A$6:$C$200,3,FALSE()),"") -> Fase de Grupos | F17: =IFERROR(VLOOKUP(D17,Partidos!$A$6:$F$200,5,FALSE())&" vs "&VLOOKUP(D17,Partidos!$A$6:$F$200,6,FALSE()),"") -> Corea del Sur vs Chequia | G17: 1 | H17: 3 | I17: =IF(OR(G17="",H17=""),"",IF(G17>H17,"Gana Local",IF(G17<H17,"Gana Visitante","Empate"))) -> Gana Visitante | J17: =IFERROR(IF(OR(G17="",H17="",VLOOKUP(D17,Partidos!$A$6:$H$200,7,FALSE())="",VLOOKUP(D17,Partidos!$A$6:$H$200,8,FALSE())=""),0,IF(AND(G17=VLOOKUP(D17,Partidos!$A$6:$H$200,7,FALSE()),H17=VLOOKUP(D17,Partidos!$A$6:$H$200,8,FALSE())),Config!$G$4,IF(AND(SIGN(G17-H17)=SIGN(VLOOKUP(D17,Partidos!$A$6:$H$200,7,FALSE())-VLOOKUP(D17,Partidos!$A$6:$H$200,8,FALSE())),(G17-H17)=(VLOOKUP(D17,Partidos!$A$6:$H$200,7,FALSE())-VLOOKUP(D17,Partidos!$A$6:$H$200,8,FALSE()))),Config!$G$5,IF(SIGN(G17-H17)=SIGN(VLOOKUP(D17,Partidos!$A$6:$H$200,7,FALSE())-VLOOKUP(D17,Partidos!$A$6:$H$200,8,FALSE())),Config!$G$6,Config!$G$7)))),0) -> 0
... A40: A035 | B40: P009 | C40: =IFERROR(VLOOKUP(B40,Participantes!$A$6:$B$200,2,FALSE()),"") -> Federico Romero | D40: M008 | E40: =IFERROR(VLOOKUP(D40,Partidos!$A$6:$C$200,3,FALSE()),"") -> Fase de Grupos | F40: =IFERROR(VLOOKUP(D40,Partidos!$A$6:$F$200,5,FALSE())&" vs "&VLOOKUP(D40,Partidos!$A$6:$F$200,6,FALSE()),"") -> Alemania vs Curazao | G40: 3 | H40: 0 | I40: =IF(OR(G40="",H40=""),"",IF(G40>H40,"Gana Local",IF(G40<H40,"Gana Visitante","Empate"))) -> Gana Local | J40: =IFERROR(IF(OR(G40="",H40="",VLOOKUP(D40,Partidos!$A$6:$H$200,7,FALSE())="",VLOOKUP(D40,Partidos!$A$6:$H$200,8,FALSE())=""),0,IF(AND(G40=VLOOKUP(D40,Partidos!$A$6:$H$200,7,FALSE()),H40=VLOOKUP(D40,Partidos!$A$6:$H$200,8,FALSE())),Config!$G$4,IF(AND(SIGN(G40-H40)=SIGN(VLOOKUP(D40,Partidos!$A$6:$H$200,7,FALSE())-VLOOKUP(D40,Partidos!$A$6:$H$200,8,FALSE())),(G40-H40)=(VLOOKUP(D40,Partidos!$A$6:$H$200,7,FALSE())-VLOOKUP(D40,Partidos!$A$6:$H$200,8,FALSE()))),Config!$G$5,IF(SIGN(G40-H40)=SIGN(VLOOKUP(D40,Partidos!$A$6:$H$200,7,FALSE())-VLOOKUP(D40,Partidos!$A$6:$H$200,8,FALSE())),Config!$G$6,Config!$G$7)))),0) -> 5

Sheet Resultados
A1: =HYPERLINK("#'Dashboard'!A1","🏠 INICIO") -> 🏠 INICIO | B1: =HYPERLINK("#'Participantes'!A1","👥 PARTICIPANTES") -> 👥 PARTICIPANTES | C1: =HYPERLINK("#'Partidos'!A1","⚽ PARTIDOS") -> ⚽ PARTIDOS | D1: =HYPERLINK("#'Apuestas'!A1","🎯 APUESTAS") -> 🎯 APUESTAS | E1: =HYPERLINK("#'Resultados'!A1","📊 RESULTADOS") -> 📊 RESULTADOS | F1: =HYPERLINK("#'Ranking'!A1","🏆 RANKING") -> 🏆 RANKING | G1: =HYPERLINK("#'Informes'!A1","📈 INFORMES") -> 📈 INFORMES
A3: 📊 CARGA DE RESULTADOS OFICIALES
A4: Esta hoja muestra los partidos y permite cargar los resultados oficiales (sincronizado con la hoja Partidos).
A5: ID Partido | B5: Fecha | C5: Fase | D5: Equipo Local | E5: Equipo Visitante | F5: Goles Local | G5: Goles Visitante | H5: Estado
A6: =Partidos!A6 -> M001 | B6: =Partidos!B6 -> 2026-06-11 | C6: =Partidos!C6 -> Fase de Grupos | D6: =Partidos!E6 -> México | E6: =Partidos!F6 -> Sudáfrica | F6: =Partidos!G6 -> 2 | G6: =Partidos!H6 -> 1 | H6: =IF(OR(F6="",G6=""),"⏳ Pendiente","✅ Cargado") -> ✅ Cargado
A7: =Partidos!A7 -> M002 | B7: =Partidos!B7 -> 2026-06-11 | C7: =Partidos!C7 -> Fase de Grupos | D7: =Partidos!E7 -> Corea del Sur | E7: =Partidos!F7 -> Chequia | F7: =Partidos!G7 -> 1 | G7: =Partidos!H7 -> 1 | H7: =IF(OR(F7="",G7=""),"⏳ Pendiente","✅ Cargado") -> ✅ Cargado
A8: =Partidos!A8 -> M003 | B8: =Partidos!B8 -> 2026-06-12 | C8: =Partidos!C8 -> Fase de Grupos | D8: =Partidos!E8 -> Canadá | E8: =Partidos!F8 -> Bosnia y Herzegovina | F8: =Partidos!G8 -> 1 | G8: =Partidos!H8 -> 0 | H8: =IF(OR(F8="",G8=""),"⏳ Pendiente","✅ Cargado") -> ✅ Cargado
A9: =Partidos!A9 -> M004 | B9: =Partidos!B9 -> 2026-06-12 | C9: =Partidos!C9 -> Fase de Grupos | D9: =Partidos!E9 -> Estados Unidos | E9: =Partidos!F9 -> Paraguay | F9: =Partidos!G9 -> 2 | G9: =Partidos!H9 -> 0 | H9: =IF(OR(F9="",G9=""),"⏳ Pendiente","✅ Cargado") -> ✅ Cargado
A10: =Partidos!A10 -> M005 | B10: =Partidos!B10 -> 2026-06-13 | C10: =Partidos!C10 -> Fase de Grupos | D10: =Partidos!E10 -> Qatar | E10: =Partidos!F10 -> Suiza | F10: =Partidos!G10 -> 0 | G10: =Partidos!H10 -> 2 | H10: =IF(OR(F10="",G10=""),"⏳ Pendiente","✅ Cargado") -> ✅ Cargado
A11: =Partidos!A11 -> M006 | B11: =Partidos!B11 -> 2026-06-13 | C11: =Partidos!C11 -> Fase de Grupos | D11: =Partidos!E11 -> Brasil | E11: =Partidos!F11 -> Marruecos | F11: =Partidos!G11 -> 1 | G11: =Partidos!H11 -> 2 | H11: =IF(OR(F11="",G11=""),"⏳ Pendiente","✅ Cargado") -> ✅ Cargado
A12: =Partidos!A12 -> M007 | B12: =Partidos!B12 -> 2026-06-13 | C12: =Partidos!C12 -> Fase de Grupos | D12: =Partidos!E12 -> Haití | E12: =Partidos!F12 -> Escocia | F12: =Partidos!G12 -> 0 | G12: =Partidos!H12 -> 1 | H12: =IF(OR(F12="",G12=""),"⏳ Pendiente","✅ Cargado") -> ✅ Cargado
A13: =Partidos!A13 -> M008 | B13: =Partidos!B13 -> 2026-06-14 | C13: =Partidos!C13 -> Fase de Grupos | D13: =Partidos!E13 -> Alemania | E13: =Partidos!F13 -> Curazao | F13: =Partidos!G13 -> 3 | G13: =Partidos!H13 -> 0 | H13: =IF(OR(F13="",G13=""),"⏳ Pendiente","✅ Cargado") -> ✅ Cargado
A14: =Partidos!A14 -> M009 | B14: =Partidos!B14 -> 2026-06-14 | C14: =Partidos!C14 -> Fase de Grupos | D14: =Partidos!E14 -> Costa de Marfil | E14: =Partidos!F14 -> Ecuador | F14: =Partidos!G14 -> 0 | G14: =Partidos!H14 -> 0 | H14: =IF(OR(F14="",G14=""),"⏳ Pendiente","✅ Cargado") -> ✅ Cargado
A15: =Partidos!A15 -> M010 | B15: =Partidos!B15 -> 2026-06-14 | C15: =Partidos!C15 -> Fase de Grupos | D15: =Partidos!E15 -> Países Bajos | E15: =Partidos!F15 -> Japón | F15: =Partidos!G15 -> 0 | G15: =Partidos!H15 -> 0 | H15: =IF(OR(F15="",G15=""),"⏳ Pendiente","✅ Cargado") -> ✅ Cargado
A16: =Partidos!A16 -> M011 | B16: =Partidos!B16 -> 2026-06-15 | C16: =Partidos!C16 -> Fase de Grupos | D16: =Partidos!E16 -> Bélgica | E16: =Partidos!F16 -> Egipto | F16: =Partidos!G16 -> 0 | G16: =Partidos!H16 -> 0 | H16: =IF(OR(F16="",G16=""),"⏳ Pendiente","✅ Cargado") -> ✅ Cargado
A17: =Partidos!A17 -> M012 | B17: =Partidos!B17 -> 2026-06-15 | C17: =Partidos!C17 -> Fase de Grupos | D17: =Partidos!E17 -> España | E17: =Partidos!F17 -> Cabo Verde | F17: =Partidos!G17 -> 0 | G17: =Partidos!H17 -> 0 | H17: =IF(OR(F17="",G17=""),"⏳ Pendiente","✅ Cargado") -> ✅ Cargado
... A23: =Partidos!A23 -> M018 | B23: =Partidos!B23 -> 2026-06-17 | C23: =Partidos!C23 -> Fase de Grupos | D23: =Partidos!E23 -> Ghana | E23: =Partidos!F23 -> Panamá | F23: =Partidos!G23 -> 0 | G23: =Partidos!H23 -> 0 | H23: =IF(OR(F23="",G23=""),"⏳ Pendiente","✅ Cargado") -> ✅ Cargado

Sheet Ranking
A1: =HYPERLINK("#'Dashboard'!A1","🏠 INICIO") -> 🏠 INICIO | B1: =HYPERLINK("#'Participantes'!A1","👥 PARTICIPANTES") -> 👥 PARTICIPANTES | C1: =HYPERLINK("#'Partidos'!A1","⚽ PARTIDOS") -> ⚽ PARTIDOS | D1: =HYPERLINK("#'Apuestas'!A1","🎯 APUESTAS") -> 🎯 APUESTAS | E1: =HYPERLINK("#'Resultados'!A1","📊 RESULTADOS") -> 📊 RESULTADOS | F1: =HYPERLINK("#'Ranking'!A1","🏆 RANKING") -> 🏆 RANKING | G1: =HYPERLINK("#'Informes'!A1","📈 INFORMES") -> 📈 INFORMES
A3: 🏆 RANKING DE PARTICIPANTES
A5: Posición | B5: ID | C5: Participante | D5: Apuestas Realizadas | E5: Aciertos Exactos | F5: Puntaje Total | G5: % Aciertos
A6: =IF(F6="",,RANK(F6,$F$6:$F$15,0)) -> 1 | B6: P001 | C6: Juan Pérez | D6: =COUNTIF(Apuestas!$B$6:$B$1000,B6) -> 5 | E6: =COUNTIFS(Apuestas!$B$6:$B$1000,B6,Apuestas!$J$6:$J$1000,Config!$G$4) -> 1 | F6: =SUMIF(Apuestas!$B$6:$B$1000,B6,Apuestas!$J$6:$J$1000) -> 6 | G6: =IFERROR(COUNTIFS(Apuestas!$B$6:$B$1000,B6,Apuestas!$J$6:$J$1000,">0")/D6,0) -> 0.4
A7: =IF(F7="",,RANK(F7,$F$6:$F$15,0)) -> 8 | B7: P002 | C7: María García | D7: =COUNTIF(Apuestas!$B$6:$B$1000,B7) -> 5 | E7: =COUNTIFS(Apuestas!$B$6:$B$1000,B7,Apuestas!$J$6:$J$1000,Config!$G$4) -> 0 | F7: =SUMIF(Apuestas!$B$6:$B$1000,B7,Apuestas!$J$6:$J$1000) -> 2 | G7: =IFERROR(COUNTIFS(Apuestas!$B$6:$B$1000,B7,Apuestas!$J$6:$J$1000,">0")/D7,0) -> 0.4
A8: =IF(F8="",,RANK(F8,$F$6:$F$15,0)) -> 5 | B8: P003 | C8: Lucas Rodríguez | D8: =COUNTIF(Apuestas!$B$6:$B$1000,B8) -> 5 | E8: =COUNTIFS(Apuestas!$B$6:$B$1000,B8,Apuestas!$J$6:$J$1000,Config!$G$4) -> 0 | F8: =SUMIF(Apuestas!$B$6:$B$1000,B8,Apuestas!$J$6:$J$1000) -> 3 | G8: =IFERROR(COUNTIFS(Apuestas!$B$6:$B$1000,B8,Apuestas!$J$6:$J$1000,">0")/D8,0) -> 0.2
A9: =IF(F9="",,RANK(F9,$F$6:$F$15,0)) -> 4 | B9: P004 | C9: Sofía Martínez | D9: =COUNTIF(Apuestas!$B$6:$B$1000,B9) -> 5 | E9: =COUNTIFS(Apuestas!$B$6:$B$1000,B9,Apuestas!$J$6:$J$1000,Config!$G$4) -> 0 | F9: =SUMIF(Apuestas!$B$6:$B$1000,B9,Apuestas!$J$6:$J$1000) -> 4 | G9: =IFERROR(COUNTIFS(Apuestas!$B$6:$B$1000,B9,Apuestas!$J$6:$J$1000,">0")/D9,0) -> 0.4
A10: =IF(F10="",,RANK(F10,$F$6:$F$15,0)) -> 2 | B10: P005 | C10: Diego Silva | D10: =COUNTIF(Apuestas!$B$6:$B$1000,B10) -> 3 | E10: =COUNTIFS(Apuestas!$B$6:$B$1000,B10,Apuestas!$J$6:$J$1000,Config!$G$4) -> 1 | F10: =SUMIF(Apuestas!$B$6:$B$1000,B10,Apuestas!$J$6:$J$1000) -> 5 | G10: =IFERROR(COUNTIFS(Apuestas!$B$6:$B$1000,B10,Apuestas!$J$6:$J$1000,">0")/D10,0) -> 0.33333333
A11: =IF(F11="",,RANK(F11,$F$6:$F$15,0)) -> 5 | B11: P006 | C11: Ana López | D11: =COUNTIF(Apuestas!$B$6:$B$1000,B11) -> 3 | E11: =COUNTIFS(Apuestas!$B$6:$B$1000,B11,Apuestas!$J$6:$J$1000,Config!$G$4) -> 0 | F11: =SUMIF(Apuestas!$B$6:$B$1000,B11,Apuestas!$J$6:$J$1000) -> 3 | G11: =IFERROR(COUNTIFS(Apuestas!$B$6:$B$1000,B11,Apuestas!$J$6:$J$1000,">0")/D11,0) -> 0.33333333
A12: =IF(F12="",,RANK(F12,$F$6:$F$15,0)) -> 5 | B12: P007 | C12: Martín Fernández | D12: =COUNTIF(Apuestas!$B$6:$B$1000,B12) -> 3 | E12: =COUNTIFS(Apuestas!$B$6:$B$1000,B12,Apuestas!$J$6:$J$1000,Config!$G$4) -> 0 | F12: =SUMIF(Apuestas!$B$6:$B$1000,B12,Apuestas!$J$6:$J$1000) -> 3 | G12: =IFERROR(COUNTIFS(Apuestas!$B$6:$B$1000,B12,Apuestas!$J$6:$J$1000,">0")/D12,0) -> 0.33333333
A13: =IF(F13="",,RANK(F13,$F$6:$F$15,0)) -> 9 | B13: P008 | C13: Carolina Díaz | D13: =COUNTIF(Apuestas!$B$6:$B$1000,B13) -> 3 | E13: =COUNTIFS(Apuestas!$B$6:$B$1000,B13,Apuestas!$J$6:$J$1000,Config!$G$4) -> 0 | F13: =SUMIF(Apuestas!$B$6:$B$1000,B13,Apuestas!$J$6:$J$1000) -> 1 | G13: =IFERROR(COUNTIFS(Apuestas!$B$6:$B$1000,B13,Apuestas!$J$6:$J$1000,">0")/D13,0) -> 0.33333333
A14: =IF(F14="",,RANK(F14,$F$6:$F$15,0)) -> 2 | B14: P009 | C14: Federico Romero | D14: =COUNTIF(Apuestas!$B$6:$B$1000,B14) -> 3 | E14: =COUNTIFS(Apuestas!$B$6:$B$1000,B14,Apuestas!$J$6:$J$1000,Config!$G$4) -> 1 | F14: =SUMIF(Apuestas!$B$6:$B$1000,B14,Apuestas!$J$6:$J$1000) -> 5 | G14: =IFERROR(COUNTIFS(Apuestas!$B$6:$B$1000,B14,Apuestas!$J$6:$J$1000,">0")/D14,0) -> 0.33333333
A15: =IF(F15="",,RANK(F15,$F$6:$F$15,0)) -> 10 | B15: P010 | C15: Valentina Castro | D15: =COUNTIF(Apuestas!$B$6:$B$1000,B15) -> 0 | E15: =COUNTIFS(Apuestas!$B$6:$B$1000,B15,Apuestas!$J$6:$J$1000,Config!$G$4) -> 0 | F15: =SUMIF(Apuestas!$B$6:$B$1000,B15,Apuestas!$J$6:$J$1000) -> 0 | G15: =IFERROR(COUNTIFS(Apuestas!$B$6:$B$1000,B15,Apuestas!$J$6:$J$1000,">0")/D15,0) -> 0

Sheet Informes
A1: =HYPERLINK("#'Dashboard'!A1","🏠 INICIO") -> 🏠 INICIO | B1: =HYPERLINK("#'Participantes'!A1","👥 PARTICIPANTES") -> 👥 PARTICIPANTES | C1: =HYPERLINK("#'Partidos'!A1","⚽ PARTIDOS") -> ⚽ PARTIDOS | D1: =HYPERLINK("#'Apuestas'!A1","🎯 APUESTAS") -> 🎯 APUESTAS | E1: =HYPERLINK("#'Resultados'!A1","📊 RESULTADOS") -> 📊 RESULTADOS | F1: =HYPERLINK("#'Ranking'!A1","🏆 RANKING") -> 🏆 RANKING | G1: =HYPERLINK("#'Informes'!A1","📈 INFORMES") -> 📈 INFORMES
A3: 📈 INFORMES Y ESTADÍSTICAS
A5: INFORME SEMANAL – Ranking Actualizado
A6: Fecha del informe: | B6: =TODAY() -> 46189
A8: Pos. | B8: Participante | C8: Apuestas | D8: Puntos
A9: =SMALL(Ranking!$A$6:$A$15,1) -> 1 | B9: =IFERROR(INDEX(Ranking!$C$6:$C$15,MATCH(A9,Ranking!$A$6:$A$15,0)),"") -> Juan Pérez | C9: =IFERROR(INDEX(Ranking!$D$6:$D$15,MATCH(A9,Ranking!$A$6:$A$15,0)),"") -> 5 | D9: =IFERROR(INDEX(Ranking!$F$6:$F$15,MATCH(A9,Ranking!$A$6:$A$15,0)),"") -> 6
A10: =SMALL(Ranking!$A$6:$A$15,2) -> 2 | B10: =IFERROR(INDEX(Ranking!$C$6:$C$15,MATCH(A10,Ranking!$A$6:$A$15,0)),"") -> Diego Silva | C10: =IFERROR(INDEX(Ranking!$D$6:$D$15,MATCH(A10,Ranking!$A$6:$A$15,0)),"") -> 3 | D10: =IFERROR(INDEX(Ranking!$F$6:$F$15,MATCH(A10,Ranking!$A$6:$A$15,0)),"") -> 5
A11: =SMALL(Ranking!$A$6:$A$15,3) -> 2 | B11: =IFERROR(INDEX(Ranking!$C$6:$C$15,MATCH(A11,Ranking!$A$6:$A$15,0)),"") -> Diego Silva | C11: =IFERROR(INDEX(Ranking!$D$6:$D$15,MATCH(A11,Ranking!$A$6:$A$15,0)),"") -> 3 | D11: =IFERROR(INDEX(Ranking!$F$6:$F$15,MATCH(A11,Ranking!$A$6:$A$15,0)),"") -> 5
A12: =SMALL(Ranking!$A$6:$A$15,4) -> 4 | B12: =IFERROR(INDEX(Ranking!$C$6:$C$15,MATCH(A12,Ranking!$A$6:$A$15,0)),"") -> Sofía Martínez | C12: =IFERROR(INDEX(Ranking!$D$6:$D$15,MATCH(A12,Ranking!$A$6:$A$15,0)),"") -> 5 | D12: =IFERROR(INDEX(Ranking!$F$6:$F$15,MATCH(A12,Ranking!$A$6:$A$15,0)),"") -> 4
A13: =SMALL(Ranking!$A$6:$A$15,5) -> 5 | B13: =IFERROR(INDEX(Ranking!$C$6:$C$15,MATCH(A13,Ranking!$A$6:$A$15,0)),"") -> Lucas Rodríguez | C13: =IFERROR(INDEX(Ranking!$D$6:$D$15,MATCH(A13,Ranking!$A$6:$A$15,0)),"") -> 5 | D13: =IFERROR(INDEX(Ranking!$F$6:$F$15,MATCH(A13,Ranking!$A$6:$A$15,0)),"") -> 3
A14: =SMALL(Ranking!$A$6:$A$15,6) -> 5 | B14: =IFERROR(INDEX(Ranking!$C$6:$C$15,MATCH(A14,Ranking!$A$6:$A$15,0)),"") -> Lucas Rodríguez | C14: =IFERROR(INDEX(Ranking!$D$6:$D$15,MATCH(A14,Ranking!$A$6:$A$15,0)),"") -> 5 | D14: =IFERROR(INDEX(Ranking!$F$6:$F$15,MATCH(A14,Ranking!$A$6:$A$15,0)),"") -> 3
A15: =SMALL(Ranking!$A$6:$A$15,7) -> 5 | B15: =IFERROR(INDEX(Ranking!$C$6:$C$15,MATCH(A15,Ranking!$A$6:$A$15,0)),"") -> Lucas Rodríguez | C15: =IFERROR(INDEX(Ranking!$D$6:$D$15,MATCH(A15,Ranking!$A$6:$A$15,0)),"") -> 5 | D15: =IFERROR(INDEX(Ranking!$F$6:$F$15,MATCH(A15,Ranking!$A$6:$A$15,0)),"") -> 3
A16: =SMALL(Ranking!$A$6:$A$15,8) -> 8 | B16: =IFERROR(INDEX(Ranking!$C$6:$C$15,MATCH(A16,Ranking!$A$6:$A$15,0)),"") -> María García | C16: =IFERROR(INDEX(Ranking!$D$6:$D$15,MATCH(A16,Ranking!$A$6:$A$15,0)),"") -> 5 | D16: =IFERROR(INDEX(Ranking!$F$6:$F$15,MATCH(A16,Ranking!$A$6:$A$15,0)),"") -> 2
A17: =SMALL(Ranking!$A$6:$A$15,9) -> 9 | B17: =IFERROR(INDEX(Ranking!$C$6:$C$15,MATCH(A17,Ranking!$A$6:$A$15,0)),"") -> Carolina Díaz | C17: =IFERROR(INDEX(Ranking!$D$6:$D$15,MATCH(A17,Ranking!$A$6:$A$15,0)),"") -> 3 | D17: =IFERROR(INDEX(Ranking!$F$6:$F$15,MATCH(A17,Ranking!$A$6:$A$15,0)),"") -> 1
A18: =SMALL(Ranking!$A$6:$A$15,10) -> 10 | B18: =IFERROR(INDEX(Ranking!$C$6:$C$15,MATCH(A18,Ranking!$A$6:$A$15,0)),"") -> Valentina Castro | C18: =IFERROR(INDEX(Ranking!$D$6:$D$15,MATCH(A18,Ranking!$A$6:$A$15,0)),"") -> 0 | D18: =IFERROR(INDEX(Ranking!$F$6:$F$15,MATCH(A18,Ranking!$A$6:$A$15,0)),"") -> 0
A21: INFORME FINAL – Ganador y Estadísticas
A23: 🥇 Ganador: | B23: =IFERROR(INDEX(Ranking!$C$6:$C$15,MATCH(1,Ranking!$A$6:$A$15,0)),"") -> Juan Pérez
A24: Puntaje del ganador: | B24: =IFERROR(INDEX(Ranking!$F$6:$F$15,MATCH(1,Ranking!$A$6:$A$15,0)),"") -> 6
A26: Estadísticas globales:
A27: Total participantes: | B27: =COUNTA(Participantes!$A$6:$A$200) -> 10
A28: Participantes activos: | B28: =COUNTIF(Participantes!$F$6:$F$200,"Activo") -> 9
A29: Total apuestas registradas: | B29: =COUNTA(Apuestas!$A$6:$A$1000) -> 35
A30: Total partidos cargados: | B30: =COUNTA(Partidos!$A$6:$A$200) -> 18
A31: Partidos con resultado oficial: | B31: =SUMPRODUCT((Partidos!$G$6:$G$200<>"")*(Partidos!$H$6:$H$200<>"")) -> 8
A32: Puntaje promedio por participante: | B32: =IFERROR(AVERAGE(Ranking!$F$6:$F$15),0) -> 3.2
A33: Puntaje máximo alcanzado: | B33: =MAX(Ranking!$F$6:$F$15) -> 6
A34: Aciertos exactos totales: | B34: =COUNTIF(Apuestas!$J$6:$J$1000,Config!$G$4) -> 3

Sheet Config
A1: CONFIGURACION - Listas de validacion
A3: Equipos | B3: Fases | C3: Grupos | D3: Resultado | F3: Sistema de Puntaje
A4: Alemania | B4: Fase de Grupos | C4: A | D4: Local | F4: Resultado exacto | G4: 5
A5: Arabia Saudita | B5: Dieciseisavos de Final | C5: B | D5: Empate | F5: Ganador correcto + diferencia | G5: 3
A6: Argelia | B6: Octavos de Final | C6: C | D6: Visitante | F6: Solo ganador correcto | G6: 1
A7: Argentina | B7: Cuartos de Final | C7: D | F7: Resultado incorrecto | G7: 0
A8: Australia | B8: Semifinal | C8: E
A9: Austria | B9: Tercer Puesto | C9: F
A10: Bélgica | B10: Final | C10: G
A11: Bosnia y Herzegovina | C11: H
A12: Brasil | C12: I
A13: Cabo Verde | C13: J
A14: Canadá | C14: K
A15: Chequia | C15: L
A16: Colombia
A17: Corea del Sur
A18: Costa de Marfil
A19: Croacia
A20: Curazao
A21: DR Congo
A22: Ecuador
A23: Egipto
A24: Escocia
A25: España
A26: Estados Unidos
A27: Francia
... A51: Uzbekistán
